{"apisimulator":{"hash":"5222c940b8cc14201e304d9fc6be97f9","size":223862,"module":"Poker"},"betraisekeypad.psmobile":{"hash":"0f7b841c8438de77537e5f1a085138bd","size":303490},"bonustimebankftue.desktop":{"hash":"7c7356c6dd9766b115f0bc6b8fbbc967","size":46862,"module":"Poker"},"bonustimebankftue.mobile":{"hash":"eb5ac2bfd025c3de6fbdd942bdf0d213","size":46788,"module":"Poker"},"bonustimebankftue.psdesktop":{"hash":"588d3e9d53ee909d3a0be0317a66a71f","size":54879,"module":"Poker"},"bonustimebankftue.psmobile":{"hash":"721341d430ce1bba85b4cdcc97e18983","size":54815,"module":"Poker"},"bountytexture.desktop":{"hash":"3e9aadfcca1204b1db5f18cd6180a629","size":1163551},"captchaverification.psdesktop":{"hash":"ce5b6d79ccad037222d70f671da9e05d","size":16295,"module":"Poker"},"custombetoptions.desktop":{"hash":"9db848a2bfc55e17b03146226012e75c","size":320799,"module":"Poker"},"custombetoptions.mobile":{"hash":"8fe9c06ded3b221105d7165d91b554ca","size":321604,"module":"Poker"},"custombetoptions.psdesktop":{"hash":"f71e2346626173e9310b4223de5026b2","size":320156,"module":"Poker"},"custombetoptions.psmobile":{"hash":"1d08a5a825922cf3049c495482df07d1","size":321896,"module":"Poker"},"customkeyboard":{"hash":"9326513ed921e58c0024de113d31e3a8","size":239610},"dealerhistory.desktop":{"hash":"dbb33845cf2e42c34e280c31a0739faf","size":17443,"module":"Poker"},"dealerhistory.mobile":{"hash":"4852c1ca91bf5f1d2be322a34f2a251c","size":51571,"module":"Poker"},"dealerhistory.psdesktop":{"hash":"b26753b31887d0269eef1272b95449e9","size":131472,"module":"Poker"},"dealerhistory.psmobile":{"hash":"8733102e437ad22eff572aa1f88bfe37","size":128569,"module":"Poker"},"dealerhistorytemplate.desktop":{"hash":"88c406d679c7530004a7dada4d7a02fb","size":42325},"debugmask":{"hash":"ee66409abcee4f7779d452610a7b8140","size":214638,"module":"Poker"},"dialogbox.desktop":{"hash":"7b97d98f7aed3a43cdebcacb46fbfc7b","size":17450},"dialogbox.mobile":{"hash":"24eb08f775c30585a1141928264f0752","size":13987},"dialogbox.psdesktop":{"hash":"132125d2bb7bb2b7c575a8f4fd01a69d","size":14612},"dialogbox.psmobile":{"hash":"5bae92e761bd5b9982eb81668d097448","size":18645},"emptytable.desktop":{"hash":"1ac989597f2c20164ba7ce3cd98489f3","size":350721,"module":"Poker"},"foldnswitchanim.desktop":{"hash":"aa81409e828ed19466fab9269e6e2fcb","size":414392},"foldnswitchanim.mobile":{"hash":"a609f934a0fc276957522f52bed29bfe","size":425941},"foldnswitchanim.psdesktop":{"hash":"edf0202b82c5463a4045a95194c703f4","size":238383},"handcardatlas.desktop":{"hash":"571cba393c18d242875db2bb6c82a3e9","size":42091,"module":"Poker"},"handcardatlas.mobile":{"hash":"1572d56036943b2d8e0cbded354c10c7","size":39627,"module":"Poker"},"handcardatlas.psdesktop":{"hash":"fe1ebdea0694c154842c9074c6c35c37","size":31058,"module":"Poker"},"handcardatlas.psmobile":{"hash":"b111837eedee7e0ef96ad697fa5ca0e3","size":41471,"module":"Poker"},"handcardatlas1.desktop":{"hash":"1cfa9b80552a5cb040f65ba293da5138","size":39401,"module":"Poker"},"handcardatlas1.mobile":{"hash":"3230225f6fcc411c999f5047f4320bd2","size":39034,"module":"Poker"},"handcardatlas1.psdesktop":{"hash":"ed7ec54fe94c35ba3d6ee71242ef86d6","size":28960,"module":"Poker"},"handcardatlas1.psmobile":{"hash":"c5d10053ae2444827f78fc7e3729bf46","size":41639,"module":"Poker"},"handcardatlas2.desktop":{"hash":"675e5f52dd8aa14a2da912f6f5c523b1","size":64831,"module":"Poker"},"handcardatlas2.mobile":{"hash":"c929f70d0955f362f628a2fc2a97c5a5","size":64091,"module":"Poker"},"handcardatlas2.psdesktop":{"hash":"d4865ff430828fb8a54b4e5240327cef","size":46667,"module":"Poker"},"handcardatlas2.psmobile":{"hash":"21b2d9aa4f5c1127eaafef6a0dc9767f","size":56826,"module":"Poker"},"handcardatlas3.desktop":{"hash":"74a6623043a1c75a603acee36e2ace32","size":128446,"module":"Poker"},"handcardatlas3.mobile":{"hash":"d1ff5c4e7727505b410063558a4f7a7b","size":127052,"module":"Poker"},"handcardatlas3.psdesktop":{"hash":"8bf9d860a4cbff06cbc5734e44de0e4e","size":69459,"module":"Poker"},"handcardatlas3.psmobile":{"hash":"e68781d67d5757e0bf8abc88712940b8","size":91462,"module":"Poker"},"handcardatlas4.desktop":{"hash":"61fab9b0803548a98c6dc5531194ad0a","size":74032,"module":"Poker"},"handcardatlas4.mobile":{"hash":"b1b75569749bce9b26d520f556a7bdd1","size":73653,"module":"Poker"},"handcardatlas4.psdesktop":{"hash":"82f0794ba31b2d4076a8f247620887e9","size":69793,"module":"Poker"},"handcardatlas4.psmobile":{"hash":"bbef82a4c40a26f1bc19badb3a5a050b","size":91869,"module":"Poker"},"handcardicons.desktop":{"hash":"8eb3b0364ae146f3c4fb08ec09330738","size":12599,"module":"Poker"},"handcardicons.mobile":{"hash":"789d17992ec29420460577bbe9822da2","size":12654,"module":"Poker"},"handcardicons.psdesktop":{"hash":"0594454dfd8ea0eb709ff8be32fb3419","size":11056,"module":"Poker"},"handcardicons.psmobile":{"hash":"e256176f660eb015ac1eb7244221e04b","size":10953,"module":"Poker"},"handcards.mobile":{"hash":"91547ddb2e61255724357b4e57e5ea20","size":4387},"handcards.psmobile":{"hash":"75cbb3c8a2aa5c641b36c7bab5bfd174","size":4440},"handcards1.desktop":{"hash":"ebb08a6a5359b62374dc930665a26457","size":4447},"handcards1.mobile":{"hash":"7174bae0f0da7e732e4342a152758563","size":4408},"handcards1.psmobile":{"hash":"61be524f29a20a01f024b0c7f7087f71","size":4447},"handcards2.desktop":{"hash":"d98611260ed2080802559a63717cf2ba","size":4679},"handcards2.mobile":{"hash":"f3ecf77416e10d56dc7a06a1b0ad3a44","size":4651},"handcards2.psmobile":{"hash":"02dc995e46d2cf137bc359416809ccc4","size":4436},"handcards3.desktop":{"hash":"977364d1702d1daf011854ba3299eed3","size":4803},"handcards3.mobile":{"hash":"ed6705d85e6bc36e3c52120022bdb07c","size":4782},"handcards3.psmobile":{"hash":"d79efaa7e02210cbde7f492dda5a1903","size":4532},"keyboard.psmobile":{"hash":"9c4d9ffe9ff1ce0d5196be5e85bd96ae","size":16919},"keyboarddemo":{"hash":"4d3a9fdc64c2d9c99927041d4f816fb9","size":214778,"module":"Poker"},"lobbypoker":{"hash":"2ea397fc0ddaacaf21f06fc0c14f33f6","size":312939,"module":"Poker"},"particleassets":{"hash":"f2d4b972fa767a060bfd46f8f6ea6dec","size":2339},"particleeffect":{"hash":"5f7b14f6045ce0f352e4fcbb2b609cfe","size":12794},"poker":{"hash":"62e0e858fd1476a905035ca1f97f05ca","size":70072,"module":"Poker"},"pokerbuyinautotopup.desktop":{"hash":"049a2853396f88a5a136c5d37f0f941d","size":398674,"module":"Poker"},"pokerbuyinautotopup.mobile":{"hash":"1184e6c478c956bcae305c09ebe8a81f","size":2439786,"module":"Poker"},"pokerbuyinautotopup.psdesktop":{"hash":"7a9bb8734c9239c7d5d681c92c7c3549","size":48181,"module":"Poker"},"pokerbuyinautotopup.psmobile":{"hash":"5f5cb5e7b001c4dec828ab1630dedca6","size":317531,"module":"Poker"},"pokerbuyinpopup.desktop":{"hash":"4aa33b0e1df33f550dd7c016aeaab608","size":371413,"module":"Poker"},"pokerbuyinpopup.mobile":{"hash":"f027d601efd7e414de5dc6ed7e01c3ed","size":2415710,"module":"Poker"},"pokerbuyinpopup.psdesktop":{"hash":"a4ef392acc19746d8e99d996a7f361c5","size":31049,"module":"Poker"},"pokerbuyinpopup.psmobile":{"hash":"5c76c217fb5733177fbbf714e3b15224","size":300466,"module":"Poker"},"pokercommon":{"hash":"74d7c7af768c6244e14f7e0857d46cb7","size":46385,"module":"Poker"},"pokercustomtooltip.desktop":{"hash":"326e9ce62f271f7fc10339fe26fd7901","size":16866,"module":"Poker"},"pokercustomtooltip.mobile":{"hash":"5c1ee6ce2f88f7b13333b0a94cb7f7ad","size":16878,"module":"Poker"},"pokercustomtooltip.psdesktop":{"hash":"01e97eeaaeb18869d79bb3c9f86e76da","size":10948,"module":"Poker"},"pokercustomtooltip.psmobile":{"hash":"9567687569e28d91da2014866b92bc97","size":10964,"module":"Poker"},"pokercxreplay":{"hash":"88b85d694b90db2d6721d941ecabd396","size":299049,"module":"Poker"},"pokerdesktopclientrap.desktop":{"hash":"9ba8ca56b9c74de5c52dfc8eb8836b29","size":297961,"module":"Poker"},"pokerdesktopclientrap.psdesktop":{"hash":"3ffe2a208f0d78834f4dec7ed8afd1f0","size":302450,"module":"Poker"},"pokerexitconfirmation.mobile":{"hash":"a97e3a883dde5bacb42e62064a406761","size":37600,"module":"Poker"},"pokerfonts":{"hash":"1a019ceb98143a29cc74bc29687ac7a6","size":903300,"module":"Poker"},"pokergameleaderboard.desktop":{"hash":"de92ffa01671cc89ba7b628656ea2e60","size":43446,"module":"Poker"},"pokergameleaderboard.mobile":{"hash":"401f7e8e8fd090d453149751420c4ab8","size":40721,"module":"Poker"},"pokergameleaderboard.psdesktop":{"hash":"ab821cbe1c97e468df0a767689456c97","size":35146,"module":"Poker"},"pokergameleaderboard.psmobile":{"hash":"2f586b4c5410919be45cff7a588d3bf1","size":29684,"module":"Poker"},"pokeringameftue.desktop":{"hash":"df3dafbda058298924687734a48ece2d","size":24730,"module":"Poker"},"pokeringameftue.mobile":{"hash":"e3b66754d0b253ccdfb090af375705a9","size":23137,"module":"Poker"},"pokeringameftue.psdesktop":{"hash":"997835f1ccbc495c37f9c17d5432dd5f","size":24874,"module":"Poker"},"pokeringameftue.psmobile":{"hash":"ae41d71e3b19d3e893f8330885e44368","size":33707,"module":"Poker"},"pokerpkocustomcanvas.desktop":{"hash":"84c660c17410ce22b421ee014b5e8281","size":1089273,"module":"Poker"},"pokerpkocustomcanvas.mobile":{"hash":"56a3e780469a9efe0a22fe912449a94b","size":1089258,"module":"Poker"},"pokerpkocustomcanvas.psdesktop":{"hash":"52a0e970e89bce3f69a7d7dda1d6c891","size":1088394,"module":"Poker"},"pokerpkocustomcanvas.psmobile":{"hash":"75a8ec6cf22a70d33023e2f1569e8193","size":1089917,"module":"Poker"},"pokerplayertagpopup.desktop":{"hash":"81e4de94503c10ae58005c3bcddd220a","size":104455,"module":"Poker"},"pokerplayertagpopup.mobile":{"hash":"41674d9499e70c0917bc152d8dcf5886","size":93723,"module":"Poker"},"pokerplayertagpopup.psdesktop":{"hash":"5b58284b6a0d948251a14f7627121cf3","size":81662,"module":"Poker"},"pokerplayertagpopup.psmobile":{"hash":"7c2228a7708ca5f5470d9c7785a86ceb","size":182038,"module":"Poker"},"pokerreentrypopup.desktop":{"hash":"30d4a16aa952a163ad67ff13cf409e8b","size":116478,"module":"Poker"},"pokerreentrypopup.psdesktop":{"hash":"9e16ae7ce5d42008cc4e6f327de451ab","size":119413,"module":"Poker"},"pokerreplay.desktop":{"hash":"3ae2cb1484ed3f52de522b310042afa3","size":725539,"module":"Poker"},"pokerreplay.mobile":{"hash":"88bfe6de285fbcf791284c08b11e4ec0","size":387503,"module":"Poker"},"pokerreplay.psdesktop":{"hash":"9c2455a0aa201b515858af0d093935c3","size":210165,"module":"Poker"},"pokerreplay.psmobile":{"hash":"c57783ce63892ba64b8e9941113a200d","size":54015,"module":"Poker"},"pokerswitchtable.desktop":{"hash":"d9b549eaac2a6a5d25d91910c1f04acc","size":11697,"module":"Poker"},"pokerswitchtable.mobile":{"hash":"bb47a83cc8070f305875175171dbe660","size":11696,"module":"Poker"},"pokerswitchtable.psdesktop":{"hash":"21aa66a8defafa981b2d1d5a152c5724","size":16668,"module":"Poker"},"pokerswitchtable.psmobile":{"hash":"c39ca5e3bef7a8a5f9d14959e695dbee","size":15966,"module":"Poker"},"pokertoastfromtop.desktop":{"hash":"c38bbe5beeafb3f9d5edf253c3ab81ce","size":10158},"pokertoastfromtop.mobile":{"hash":"be40bee11d1e38c772068af29a276cd2","size":12441},"pokertoastfromtop.psdesktop":{"hash":"277c319ccf55a2a0e5da5d06a17e5942","size":9256},"pokertoastfromtop.psmobile":{"hash":"913f00e47bce36637654786edb85e77a","size":9791},"pokertourbreaktimer.desktop":{"hash":"0842950ef50e6409eae9780df9214d74","size":12549},"pokertourbreaktimer.mobile":{"hash":"c9649ee2af19f020c34d382eb555d666","size":37513},"pokertourbreaktimer.psdesktop":{"hash":"111b073ddbcc48381bd8d34c6e960715","size":11515},"pokertourbreaktimer.psmobile":{"hash":"dba644b867b251420fe71a31748cb14f","size":100436},"pokertourleaderboard.desktop":{"hash":"d166c474f6b7fa532c8cc3bf9760dda5","size":84972,"module":"Poker"},"pokertourleaderboard.mobile":{"hash":"a9ef894633f31c0df70585ca884d190d","size":80133,"module":"Poker"},"pokertourleaderboard.psdesktop":{"hash":"a68bc959e1e766641bca7daeb613ad60","size":154879,"module":"Poker"},"pokertourleaderboard.psmobile":{"hash":"70ba471d16c81de2e57cef5b6d6e880f","size":155522,"module":"Poker"},"pokertourloose.desktop":{"hash":"4af22a4eb6d5c6d9720622bcfad3b5a6","size":137559},"pokertourloose.mobile":{"hash":"7fdae9f47b2207762a291c2709c35520","size":146982},"pokertourloose.psdesktop":{"hash":"2f05add038189f2907a2bad019156736","size":137977},"pokertourloose.psmobile":{"hash":"d39a135ee9fa52ce003d8c46833d3292","size":140279},"pokertutorials":{"hash":"4ff4340197ac18809da41fb089126e79","size":291751,"module":"Poker"},"pokeruihelp.desktop":{"hash":"589f37ff3bff439ea9ee8fdfe566b8ce","size":49282},"pokeruihelp.mobile":{"hash":"93834a21ed3257f605ac6b77dc740e90","size":172193},"pokeruihelp.psdesktop":{"hash":"23d81bd6777e56c91d03454ffb4a402c","size":48461},"pokeruihelp.psmobile":{"hash":"e0e9c05ac4f36644d855562156a737bf","size":50087},"pokeruihud.desktop":{"hash":"98020f1b52c73a65d7f6ebcbe2510261","size":31656,"module":"Poker"},"pokeruipot.desktop":{"hash":"e1134e9d7bcaabe1bf3a29a8c7d6e8ae","size":17039},"pokeruipot.mobile":{"hash":"f20d5b8dd3a5dafd55afde6e35d3726d","size":18198},"pokerwinpopup.desktop":{"hash":"52a29c0ce19715fdf3cb9f51892e0e2f","size":75071,"module":"Poker"},"pokerwinpopup.mobile":{"hash":"d66f3079c9ee87297e02c57ae80466b6","size":74844,"module":"Poker"},"pokerwinpopup.psdesktop":{"hash":"7b902ae55e1daf8b642cf6198f0cbd21","size":76824,"module":"Poker"},"pokerwinpopup.psmobile":{"hash":"4293d19c8dd28f1ace48634f102d0fee","size":77738,"module":"Poker"},"pokerwinpopupsameprize.desktop":{"hash":"d38a4d9930d6f9de38623d4974145ddf","size":162954,"module":"Poker"},"pokerwinpopupsameprize.mobile":{"hash":"af9b54d9e74dad367ec2385679849d46","size":163004,"module":"Poker"},"pokerwinpopupsameprize.psdesktop":{"hash":"38b2043259cc50d651f7156e33f75540","size":165636,"module":"Poker"},"pokerwinpopupsameprize.psmobile":{"hash":"38bf72fb593051d66f7e57b63a79de8a","size":166457,"module":"Poker"},"resources.poker":{"hash":"18b4fe505f49f922700adb4992dbe6e3","size":102144,"module":"Poker"},"sounds":{"hash":"374d3ce134946b454681f55c1eb09a5f","size":913709,"module":"Poker"},"startupprefabs.desktop":{"hash":"7d425a2f6e84ca4820179928420739fb","size":3225908,"module":"Poker"},"startupprefabs.mobile":{"hash":"5c6703bd393ea6187ab96f5e54ffa115","size":5979274,"module":"Poker"},"startupprefabs.psdesktop":{"hash":"348a4f918baef05e150d0dd0fb1b5f1b","size":3038387,"module":"Poker"},"startupprefabs.psmobile":{"hash":"3e9346808574b22db89eb2a5c81ffc71","size":4125898,"module":"Poker"},"themeui.desktop":{"hash":"90ff8fb814f0df9b321e5432aa0c87e4","size":351118,"module":"Poker"},"themeui.mobile":{"hash":"760d3c3a5ea5fae3a970ba1345d50286","size":1161349,"module":"Poker"},"themeui.psdesktop":{"hash":"e62da82966a6935a9ef0805f633ab292","size":124712,"module":"Poker"},"themeui.psmobile":{"hash":"f3a7930175c57a2de39ebaee83d380ac","size":173552,"module":"Poker"},"uicard.desktop":{"hash":"50c8c32b4b6e0d4a49f581dd0bc526b6","size":7976,"module":"Poker"},"uicard.mobile":{"hash":"47ab498a57240a6624c99f458b3c5351","size":16561,"module":"Poker"},"uicard.psdesktop":{"hash":"368be361b336321d678f8ad35668bd12","size":11236,"module":"Poker"},"uicard.psmobile":{"hash":"49f895b209ea14846d85833720cb72fe","size":21053,"module":"Poker"},"uichat.desktop":{"hash":"0ef59bbdc9a606cd5d4f586248fb1c38","size":351675,"module":"Poker"},"uichat.mobile":{"hash":"925b6f0622a85b3ce0de4bcccf57525f","size":355633,"module":"Poker"},"uichat.psdesktop":{"hash":"5a59f2bbe05b442e6afd750fa459705d","size":345377,"module":"Poker"},"uichat.psmobile":{"hash":"8f76a93761486aed2073dc8d7b9dcedc","size":346914,"module":"Poker"},"uidistributioncard.desktop":{"hash":"8182b6e86aad915214d064999ef4a289","size":4169},"uiplayer.desktop":{"hash":"dac1ba26fae2af9d181d1bdd9089dad3","size":110364},"uiplayer.mobile":{"hash":"65b40fa971af1c81750c4eee3e93480c","size":914283},"uitable6p.desktop":{"hash":"0d396a53bb76d4cbe605010095e347eb","size":3361356,"module":"Poker"},"uitable6p.mobile":{"hash":"e4994106218bf03e12b206d710640b27","size":6839572,"module":"Poker"},"uitable6p.psdesktop":{"hash":"2b5a4d39008d0549799487a839beebef","size":1233922,"module":"Poker"},"uitable6p.psmobile":{"hash":"a66f9661054e234d8e4de47d5e3d2fca","size":1802093,"module":"Poker"},"uitable7p.desktop":{"hash":"85a14cfb5d418cdf200c7fb373150b47","size":1987618,"module":"Poker"},"uitable7p.mobile":{"hash":"5cf3c9242582da3cf11812e1d19048d2","size":6028752,"module":"Poker"},"uitable7p.psdesktop":{"hash":"77017fe47c6a95f5fc49db13a405181e","size":1170411,"module":"Poker"},"uitable7p.psmobile":{"hash":"f4fc57892d56b04073f2b50d489704c2","size":1649742,"module":"Poker"},"uitable8p.desktop":{"hash":"6f4a5ae7966c208def4b4a2fafcf3641","size":1988365,"module":"Poker"},"uitable8p.mobile":{"hash":"d06e069e9c0099d983ed3cda4f712064","size":6029604,"module":"Poker"},"uitable8p.psdesktop":{"hash":"ff833c35e533534612940647301daa5f","size":1170180,"module":"Poker"},"uitable8p.psmobile":{"hash":"a06616dd3a3f4857a392fb76768bb840","size":1649336,"module":"Poker"},"uitable9p.desktop":{"hash":"f03f952caeab9519253e49f4832eab13","size":1988844,"module":"Poker"},"uitable9p.mobile":{"hash":"89d43fcdfb10d0b209fb0ebf8a18df92","size":6030128,"module":"Poker"},"uitable9p.psdesktop":{"hash":"9d64a5c3f9f06e7fbfa4215c39bb3688","size":1171145,"module":"Poker"},"uitable9p.psmobile":{"hash":"d84a997bb281e0f65099f5744339c0bc","size":1652346,"module":"Poker"},"uitablerit6p.desktop":{"hash":"23ecd89530ff1553dd28a7f01350c37b","size":1987359,"module":"Poker"},"uitablerit6p.mobile":{"hash":"112cc1e8406e29fde6518a6ac61d1d40","size":6032375,"module":"Poker"},"uitablerit6p.psdesktop":{"hash":"e0332a57939f7d7afc7b9b948b5305db","size":1172376,"module":"Poker"},"uitablerit6p.psmobile":{"hash":"07289912b5fdf707ddfc36e4f1b58892","size":1652806,"module":"Poker"},"xkeyboard":{"hash":"8937a8342172549462cd76467467d5a2","size":122006,"module":"Poker"},"xkeyboardpoker.mobile":{"hash":"a54dbe4a44643de2b900f2d29600424a","size":123379},"xkeyboardpoker.psmobile":{"hash":"3c8dcbb8230b1dabd70d1ac8892fe291","size":123379}}