{"root":[{"assemblyName":"Coffee.UIParticle","nameSpace":"Coffee.UIExtensions","className":"UIParticleUpdater","methodName":"InitializeOnLoad","loadTypes":0,"isUnityClass":false},{"assemblyName":"UIEffects_ADF","nameSpace":"DEX.Engine","className":"BaseConnector","methodName":"Init","loadTypes":1,"isUnityClass":false},{"assemblyName":"UIEffects_ADF","nameSpace":"DEX.Engine","className":"GraphicConnector","methodName":"Init","loadTypes":1,"isUnityClass":false},{"assemblyName":"Unity.2D.Animation.Runtime","nameSpace":"","className":"$BurstDirectCallInitializer","methodName":"Initialize","loadTypes":2,"isUnityClass":true},{"assemblyName":"Unity.2D.SpriteShape.Runtime","nameSpace":"","className":"$BurstDirectCallInitializer","methodName":"Initialize","loadTypes":2,"isUnityClass":true},{"assemblyName":"Unity.Collections","nameSpace":"","className":"$BurstDirectCallInitializer","methodName":"Initialize","loadTypes":2,"isUnityClass":true}]}
